@uuid;enabled;statetype;state-policy;sequence;action;quick;interfacenot;interface;received-on-not;received-on;direction;ipprotocol;protocol;icmptype;icmp6type;source_net;source_not;source_port;destination_net;destination_not;destination_port;divert-to;gateway;replyto;disablereplyto;log;allowopts;nosync;nopfsync;statetimeout;udp-first;udp-multiple;udp-single;max-src-nodes;max-src-states;max-src-conn;max;max-src-conn-rate;max-src-conn-rates;max-pkt-rate-number;max-pkt-rate-seconds;overload;adaptivestart;adaptiveend;prio;set-prio;set-prio-low;tag;tagged;tcpflags1;tcpflags2;tcpflags_any;categories;sched;tos;shaper1;shaper2;description
ceee441e-b422-4753-b969-8a564c80b861;1;keep;;1;block;1;0;wan;0;;in;inet;any;;;Firehol_without_internal;0;;any;0;;;;;0;0;0;0;0;;;;;;;;;;;;;;;;;;;;;;;0;;;;;;"Block Firehole_without internal"
6b341fe2-9168-4de9-aa5f-0b56f9bbd7fb;1;keep;;11;block;1;0;wan;0;;in;inet46;any;;;GEOIP;0;;any;0;;;;;0;0;0;0;0;;;;;;;;;;;;;;;;;;;;;;;0;;;;;;"Blocks specific countries"
ff7f23e8-4e5f-4665-99a0-657cfe06d078;1;keep;;21;pass;1;0;lan;0;;in;inet;TCP/UDP;;;any;0;;lanip;0;53;;;;0;0;0;0;0;;;;;;;;;;;;;;;;;;;;;;;0;;;;;;"Allow internal DNS"
a80b6f67-172d-40cb-a948-c8fc818437a2;1;keep;;31;pass;1;0;lan;0;;in;inet;ICMP;;;any;0;;any;0;;;;;0;0;0;0;0;;;;;;;;;;;;;;;;;;;;;;;0;;;;;;"Allow ICMP echo request messages"
eff4c020-6c1c-42e9-8df4-f35a7a3bc7a0;0;keep;;41;pass;1;0;lan;0;;in;inet;TCP/UDP;;;lan;0;;Discord,Meta,Telegram,Twitter,Vpn_list,Youtube,Youtube2;0;;;SMARTAPE;;0;0;0;0;0;;;;;;;;;;;;;;;;;;;;;;;0;;;;;;vpn
6ba29d89-fc95-4a32-a916-493822274d44;1;keep;;51;pass;1;0;lan;0;;in;inet;TCP/UDP;;;lan;0;;Discord,Google_Ai,Meta,Telegram,Twitter,Vpn_list,Youtube,Youtube2;0;;;PROXYTUN;;0;0;0;0;0;;;;;;;;;;;;;;;;;;;;;;;0;;;;;;vpn
fe1649c5-4f6e-4791-902a-b5b883130221;1;keep;;71;pass;1;0;lan;0;;in;inet;any;;;admins;0;;any;0;;;;;0;0;0;0;0;;;;;;;;;;;;;;;;;;;;;;;0;;;;;;"Allow admin devices access to anywhere without any restrictions"
585864b9-973a-4507-ba55-cea32805da23;1;keep;;81;pass;1;0;lan;0;;in;inet;any;;;Truenas;0;;Ums;0;;;;;0;0;0;0;0;;;;;;;;;;;;;;;;;;;;;;;0;;;;;;"Allow Truenas access to UMS"
60f5f553-f5e8-4909-abb2-e738a02b2aa1;1;keep;;381;block;1;0;lan;0;;in;inet;any;;;lan;0;;Private_Networks;0;;;;;0;0;0;0;0;;;;;;;;;;;;;;;;;;;;;;;0;;;;;;"Block access to all other private networks"
15a2a0e6-776b-4bf2-b2aa-0f0c85b41dfa;1;keep;;431;pass;1;0;lan;0;;in;inet;any;;;lan;0;;any;0;;;;;0;0;0;0;0;;;;;;;;;;;;;;;;;;;;;;;0;;;;;;"Default allow LAN to any rule"
3aeb8b04-e171-40f8-8f4e-aaa99a275083;1;keep;;481;pass;1;0;lan;0;;in;inet6;any;;;lan;0;;any;0;;;;;0;0;0;0;0;;;;;;;;;;;;;;;;;;;;;;;0;;;;;;"Default allow LAN IPv6 to any rule"
88258d02-c215-4087-a3d8-3bfd916451a0;1;keep;;531;pass;1;0;opt1;0;;in;inet;TCP/UDP;;;any;0;;opt1ip;0;53;;;;0;0;0;0;0;;;;;;;;;;;;;;;;;;;;;;;0;;;;;;"Allow internal DNS"
210d91c0-332b-4614-b1ab-0516e87ea32c;1;keep;;581;pass;1;0;opt1;0;;in;inet;TCP/UDP;;;Pristavka;0;;any;0;;;PROXYTUN;;0;0;0;0;0;;;;;;;;;;;;;;;;;;;;;;;0;;;;;;vpn
db3aa780-c27a-4b54-820f-f07608f52a61;0;keep;;631;pass;1;0;opt1;0;;in;inet;any;;;opt1;0;;Vpn_list,Twitter,Discord,Meta,Youtube2;0;;;SMARTAPE;;0;0;0;0;0;;;;;;;;;;;;;;;;;;;;;;;0;;;;;;vpn
f230187d-bfd2-4b95-b31a-d7509f98f647;1;keep;;681;pass;1;0;opt1;0;;in;inet;TCP/UDP;;;opt1;0;;Discord,Google_Ai,Meta,Telegram,Twitter,Vpn_list,Youtube,Youtube2;0;;;PROXYTUN;;0;0;0;0;0;;;;;;;;;;;;;;;;;;;;;;;0;;;;;;vpn
5ace3b8b-4463-4e90-b351-1a7d34ac7cac;1;keep;;731;pass;1;0;opt1;0;;in;inet;any;;;admins;0;;any;0;;;;;0;0;0;0;0;;;;;;;;;;;;;;;;;;;;;;;0;;;;;;"Allow admin devices access to anywhere without any restrictions"
814cd24b-0ca5-48bf-b768-d15f58bb4e41;1;keep;;781;pass;1;0;opt1;0;;in;inet;TCP/UDP;;;xinPad;0;;Ums;0;;;;;0;0;0;0;0;;;;;;;;;;;;;;;;;;;;;;;0;;;;;;"Allow access to UMS"
d96f39cb-a5a0-4dff-aba8-60a7485eb203;1;keep;;881;pass;1;0;opt1;0;;in;inet;TCP/UDP;;;Pristavka;0;;192.168.30.57;0;Plex;;;;0;0;0;0;0;;;;;;;;;;;;;;;;;;;;;;;0;;;;;;"Allow access to Plex"
c034a2b9-6bdf-4de0-8524-29056b6ce93f;1;keep;;1031;block;1;0;opt1;0;;in;inet;any;;;opt1;0;;Private_Networks;0;;;;;0;0;0;0;0;;;;;;;;;;;;;;;;;;;;;;;0;;;;;;"Block access to all other private networks"
6d5e49bb-8598-4754-ae89-10b1773c8908;1;keep;;1081;pass;1;0;opt1;0;;in;inet;any;;;opt1;0;;any;0;;;;;0;0;0;0;0;;;;;;;;;;;;;;;;;;;;;;;0;;;;;;"Default allow WIFI to any rule"
6616858a-37f7-43c3-9ff7-b81b9a70d6e0;1;keep;;1131;pass;1;0;opt1;0;;in;inet6;any;;;opt1;0;;any;0;;;;;0;0;0;0;0;;;;;;;;;;;;;;;;;;;;;;;0;;;;;;"Default allow WIFI IPv6 to any rule"
c365ad73-5aa7-42d7-bce6-2eb6ebbd2d29;1;keep;;1181;pass;1;0;opt2;0;;in;inet;TCP/UDP;;;any;0;;opt2ip;0;53;;;;0;0;0;0;0;;;;;;;;;;;;;;;;;;;;;;;0;;;;;;"Allow internal DNS"
89fd1055-02c2-4bf5-bee2-dbbcaf9f0846;0;keep;;1231;pass;1;0;opt2;0;;in;inet;TCP/UDP;;;opt2;0;;Discord,Google_Ai,Meta,Telegram,Twitter,Vpn_list,Youtube,Youtube2;0;;;SMARTAPE;;0;0;0;0;0;;;;;;;;;;;;;;;;;;;;;;;0;;;;;;vpn
935448bd-f330-4fb2-8555-59660b21f35c;1;keep;;1281;pass;1;0;opt2;0;;in;inet;TCP/UDP;;;Ums;0;;Discord,Google_Ai,Meta,Twitter,Vpn_list,Youtube,Youtube2;0;;;PROXYTUN;;0;0;0;0;0;;;;;;;;;;;;;;;;;;;;;;;0;;;;;;vpn
b63785d0-3198-48ce-bed1-08ca6d11f458;1;keep;;1331;pass;1;0;opt2;0;;in;inet;TCP/UDP;;;Jellyfin;0;;Discord,Google_Ai,Meta,Twitter,Vpn_list,Youtube,Youtube2;0;;;PROXYTUN;;0;0;0;0;0;;;;;;;;;;;;;;;;;;;;;;;0;;;;;;vpn
34229d2d-1bb7-45b5-99b2-2868cb0426b4;1;keep;;1381;pass;1;0;opt2;0;;in;inet;TCP/UDP;;;Ums;0;;Traefik;0;8083;;;;0;0;0;0;0;;;;;;;;;;;;;;;;;;;;;;;0;;;;;;"Allow access to Traefik ping port"
e8dbe500-eb3d-478e-89ee-a88f094a33bd;1;keep;;1631;pass;1;0;opt2;0;;in;inet;TCP/UDP;;;Ums;0;;192.168.1.79;0;Postgres;;;;0;0;0;0;0;;;;;;;;;;;;;;;;;;;;;;;0;;;;;;"Allow access to postgres"
f433c062-89bc-4791-9150-2d4a963df077;1;keep;;1681;pass;1;0;opt2;0;;in;inet;TCP/UDP;;;umami;0;;192.168.1.79/32;0;Postgres;;;;0;0;0;0;0;;;;;;;;;;;;;;;;;;;;;;;0;;;;;;"Allow access to postgres"
56ff89a3-27c4-4209-bd03-16f54252c7eb;1;keep;;1931;pass;1;0;opt2;0;;in;inet;TCP/UDP;;;Ums;0;;AuBox;0;11434;;;;0;0;0;0;0;;;;;;;;;;;;;;;;;;;;;;;0;;;;;;"Allow access to ollama"
68a549ad-ebf2-4208-8552-1a1d18407c2a;1;keep;;1981;block;1;0;opt2;0;;in;inet;any;;;opt2;0;;Private_Networks;0;;;;;0;0;0;0;0;;;;;;;;;;;;;;;;;;;;;;;0;;;;;;"Block access to all other private networks"
9e45984c-8379-44f3-bc3f-fa8dec51d005;1;keep;;2031;pass;1;0;opt2;0;;in;inet;any;;;opt2;0;;any;0;;;;;0;0;0;0;0;;;;;;;;;;;;;;;;;;;;;;;0;;;;;;"Default allow ALARICUS to any rule"
46dd756d-537a-4f61-9dcd-34f11dc5018d;1;keep;;2081;pass;1;0;opt2;0;;in;inet6;any;;;opt2;0;;any;0;;;;;0;0;0;0;0;;;;;;;;;;;;;;;;;;;;;;;0;;;;;;"Default allow ALARICUS IPv6 to any rule"
55c4ea7e-ab56-4648-a33f-532aaf3dbf5d;1;keep;;2131;pass;1;0;opt3;0;;in;inet;TCP/UDP;;;any;0;;opt3ip;0;53;;;;0;0;0;0;0;;;;;;;;;;;;;;;;;;;;;;;0;;;;;;"Allow internal DNS"
6c6c6eff-502f-4e88-97df-cd485d6b04c9;0;keep;;2181;pass;1;0;opt3;0;;in;inet;any;;;opt3;0;;Vpn_list;0;;;SMARTAPE;;0;0;0;0;0;;;;;;;;;;;;;;;;;;;;;;;0;;;;;;vpn
23828d60-10e6-4228-a7de-28c1789f0765;1;keep;;2231;block;1;0;opt3;0;;in;inet;any;;;opt3;0;;Private_Networks;0;;;;;0;0;0;0;0;;;;;;;;;;;;;;;;;;;;;;;0;;;;;;"Block access to all other private networks"
731bb846-12f1-4774-ad21-53a7501c19fa;1;keep;;2281;pass;1;0;opt3;0;;in;inet;any;;;opt3;0;;any;0;;;;;0;0;0;0;0;;;;;;;;;;;;;;;;;;;;;;;0;;;;;;"Default allow DMZ to any rule"
d8b02a25-4ffa-413d-b04e-641364d4a224;1;keep;;2331;pass;1;0;opt3;0;;in;inet6;any;;;opt3;0;;any;0;;;;;0;0;0;0;0;;;;;;;;;;;;;;;;;;;;;;;0;;;;;;"Default allow DMZ IPv6 to any rule"
4b1b570b-1be8-4909-9b37-c88b65454abf;1;keep;;2381;pass;1;0;opt6;0;;in;inet;TCP/UDP;;;any;0;;opt6ip;0;53;;;;0;0;0;0;0;;;;;;;;;;;;;;;;;;;;;;;0;;;;;;"Allow internal DNS"
ace35168-95d9-4b85-9c5e-63c3689e2ad7;1;keep;;2431;pass;1;0;opt6;0;;in;inet;TCP/UDP;;;opt6;0;;Discord,Google_Ai,Meta,Telegram,Twitter,Vpn_list,Youtube,Youtube2;0;;;PROXYTUN;;0;0;0;0;0;;;;;;;;;;;;;;;;;;;;;;;0;;;;;;vpn
69331a02-bc6e-4c9e-914c-a0755341f834;1;keep;;4131;block;1;0;opt6;0;;in;inet;any;;;opt6;0;;Private_Networks;0;;;;;0;1;0;0;0;;;;;;;;;;;;;;;;;;;;;;;0;;;;;;"Block access to all other private networks"
fd10a897-a457-4a4d-994e-a55012d7d1f6;1;keep;;4181;pass;1;0;opt6;0;;in;inet;any;;;opt6;0;;any;0;;;;;0;0;0;0;0;;;;;;;;;;;;;;;;;;;;;;;0;;;;;;"Default allow LAN to any rule"
aff85129-e0dc-4ca8-ae1f-316ed0c6b617;1;keep;;4231;pass;1;0;opt6;0;;in;inet6;any;;;opt6;0;;any;0;;;;;0;0;0;0;0;;;;;;;;;;;;;;;;;;;;;;;0;;;;;;"Default allow LAN IPv6 to any rule"
6c5390f6-26c0-44c4-9377-52effe3c23f0;1;keep;;3681;pass;1;0;opt6;0;;in;inet;TCP/UDP;;;Traefik;0;;192.168.30.57;0;Plex;;;;0;0;0;0;0;;;;;;;;;;;;;;;;;;;;;;;0;;;;;;"Allow Traefik proxy access to Plex"
9379fa86-a561-4cdf-88ba-fb31f4d30d74;1;keep;;2531;pass;1;0;opt6;0;;in;inet;TCP;;;Traefik;0;;Ums;0;Audiobookshelf;;;;0;0;0;0;0;;;;;;;;;;;;;;;;;;;;;;;0;;;;;;"Allow Traefik proxy access to Audiobookshelf"
c2be998a-f28f-4329-a94a-84a871c09833;1;keep;;2481;pass;1;0;opt6;0;;in;inet;TCP;;;Traefik;0;;Immich;0;2283;;;;0;0;0;0;0;;;;;;;;;;;;;;;;;;;;;;;0;;;;;;"Allow Traefik proxy access to UMS without any restrictions"
590c4070-7af8-4ffc-9b10-a8151f5777ab;1;keep;;2581;pass;1;0;opt6;0;;in;inet;TCP;;;Traefik;0;;Ums;0;Authentik;;;;0;0;0;0;0;;;;;;;;;;;;;;;;;;;;;;;0;;;;;;"Allow Traefik proxy access to Authentik"
84f6ae1c-968f-426b-a5de-e1a8e8e39f8b;1;keep;;2631;pass;1;0;opt6;0;;in;inet;TCP;;;Traefik;0;;Ums;0;Bazarr;;;;0;0;0;0;0;;;;;;;;;;;;;;;;;;;;;;;0;;;;;;"Allow Traefik proxy access to Bazarr"
d8c22c7d-f2a1-4c1f-a60c-723cfb75aa47;1;keep;;2681;pass;1;0;opt6;0;;in;inet;TCP;;;Traefik;0;;Ums;0;Cockpit;;;;0;0;0;0;0;;;;;;;;;;;;;;;;;;;;;;;0;;;;;;"Allow Traefik proxy access to Cockpit"
f35f4dbe-24ff-4f7c-b645-7f40f857d198;1;keep;;2731;pass;1;0;opt6;0;;in;inet;TCP;;;Traefik;0;;Ums;0;Dozzle;;;;0;0;0;0;0;;;;;;;;;;;;;;;;;;;;;;;0;;;;;;"Allow Traefik proxy access to Dozzle"
5e68c7f8-c89a-4d2d-a204-fc175b2422a2;1;keep;;2781;pass;1;0;opt6;0;;in;inet;TCP;;;Traefik;0;;Ums;0;Forgejo;;;;0;0;0;0;0;;;;;;;;;;;;;;;;;;;;;;;0;;;;;;"Allow Traefik proxy access to Forgejo"
f924053c-1936-42cf-8b45-b80f5995ecf7;1;keep;;2831;pass;1;0;opt6;0;;in;inet;TCP;;;Traefik;0;;Ums;0;Gotify;;;;0;0;0;0;0;;;;;;;;;;;;;;;;;;;;;;;0;;;;;;"Allow Traefik proxy access to Gotify"
eded96e9-123a-4966-b5a1-c9fa8e12d958;1;keep;;2931;pass;1;0;opt6;0;;in;inet;TCP;;;Traefik;0;;Ums;0;Komodo;;;;0;0;0;0;0;;;;;;;;;;;;;;;;;;;;;;;0;;;;;;"Allow Traefik proxy access to Komodo"
b74d887f-e2e7-4fbf-8a7a-9f616031b6b5;1;keep;;2981;pass;1;0;opt6;0;;in;inet;TCP;;;Traefik;0;;Ums;0;Lidarr;;;;0;0;0;0;0;;;;;;;;;;;;;;;;;;;;;;;0;;;;;;"Allow Traefik proxy access to Lidarr"
e89f4453-e75e-4b4e-a645-927ce2ef905f;1;keep;;3031;pass;1;0;opt6;0;;in;inet;TCP;;;Traefik;0;;Ums;0;Linkwarden;;;;0;0;0;0;0;;;;;;;;;;;;;;;;;;;;;;;0;;;;;;"Allow Traefik proxy access to Linkwarden"
e3af1892-d80f-4159-a041-b7a57d644260;1;keep;;3081;pass;1;0;opt6;0;;in;inet;TCP;;;Traefik;0;;Ums;0;Mealie;;;;0;0;0;0;0;;;;;;;;;;;;;;;;;;;;;;;0;;;;;;"Allow Traefik proxy access to Mealie"
5bef85a3-a08a-4d23-adff-f2c4991c636d;1;keep;;3131;pass;1;0;opt6;0;;in;inet;TCP;;;Traefik;0;;Ums;0;Navidrome;;;;0;0;0;0;0;;;;;;;;;;;;;;;;;;;;;;;0;;;;;;"Allow Traefik proxy access to Navidrome"
db4b763f-5937-464d-a591-90d7de1b682c;1;keep;;3181;pass;1;0;opt6;0;;in;inet;TCP;;;Traefik;0;;Nextcloud;0;80;;;;0;0;0;0;0;;;;;;;;;;;;;;;;;;;;;;;0;;;;;;"Allow Traefik proxy access to Nextcloud"
9636cc98-8ca2-4241-aa91-0f59fd786906;1;keep;;3281;pass;1;0;opt6;0;;in;inet;TCP;;;Traefik;0;;Ums;0;OnlyOffice;;;;0;0;0;0;0;;;;;;;;;;;;;;;;;;;;;;;0;;;;;;"Allow Traefik proxy access to OnlyOffice"
2201c3e5-091f-4ef8-a0f0-9fefe15a2e7c;1;keep;;3331;pass;1;0;opt6;0;;in;inet;TCP;;;Traefik;0;;Ums;0;Portainer;;;;0;0;0;0;0;;;;;;;;;;;;;;;;;;;;;;;0;;;;;;"Allow Traefik proxy access to Portainer"
e6c62882-1f37-47f5-88d1-85992d2c3840;1;keep;;3431;pass;1;0;opt6;0;;in;inet;TCP;;;Traefik;0;;Ums;0;Prowlarr;;;;0;0;0;0;0;;;;;;;;;;;;;;;;;;;;;;;0;;;;;;"Allow Traefik proxy access to Prowlarr"
c2330114-e562-4f1f-9207-a51c13aaa059;1;keep;;3481;pass;1;0;opt6;0;;in;inet;TCP;;;Traefik;0;;Ums;0;Qbit;;;;0;0;0;0;0;;;;;;;;;;;;;;;;;;;;;;;0;;;;;;"Allow Traefik proxy access to Qbit"
20d885ab-44c5-4cdc-910c-a7f891964dd0;1;keep;;3531;pass;1;0;opt6;0;;in;inet;TCP;;;Traefik;0;;Ums;0;Radarr;;;;0;0;0;0;0;;;;;;;;;;;;;;;;;;;;;;;0;;;;;;"Allow Traefik proxy access to Radarr"
f03c0982-03e8-4c8e-b35a-58a8a7c03665;1;keep;;3581;pass;1;0;opt6;0;;in;inet;TCP;;;Traefik;0;;Ums;0;Radarr_Cartoons;;;;0;0;0;0;0;;;;;;;;;;;;;;;;;;;;;;;0;;;;;;"Allow Traefik proxy access to Radarr Cartoons"
15801334-9522-43b2-9e33-e7933cb227e8;1;keep;;3631;pass;1;0;opt6;0;;in;inet;TCP;;;Traefik;0;;Ums;0;Radarr_Soviet;;;;0;0;0;0;0;;;;;;;;;;;;;;;;;;;;;;;0;;;;;;"Allow Traefik proxy access to Radarr Soviet"
2c1652b5-a61d-4a94-bd2a-04f11bc8d686;1;keep;;3781;pass;1;0;opt6;0;;in;inet;TCP;;;Traefik;0;;Ums;0;Seerr;;;;0;0;0;0;0;;;;;;;;;;;;;;;;;;;;;;;0;;;;;;"Allow Traefik proxy access to Seerr"
2a9196e6-e6f3-46d7-8675-d812bf76fa81;1;keep;;3831;pass;1;0;opt6;0;;in;inet;TCP;;;Traefik;0;;Ums;0;Sonarr;;;;0;0;0;0;0;;;;;;;;;;;;;;;;;;;;;;;0;;;;;;"Allow Traefik proxy access to Sonarr"
0fe443df-b882-4ca3-83dc-b87c1c8324c4;1;keep;;3881;pass;1;0;opt6;0;;in;inet;TCP;;;Traefik;0;;Ums;0;Trilium;;;;0;0;0;0;0;;;;;;;;;;;;;;;;;;;;;;;0;;;;;;"Allow Traefik proxy access to Trilium"
c7e60bb4-8227-4efa-a0a8-06dff6621395;1;keep;;3981;pass;1;0;opt6;0;;in;inet;TCP;;;Traefik;0;;Ums;0;Tubearchivist;;;;0;0;0;0;0;;;;;;;;;;;;;;;;;;;;;;;0;;;;;;"Allow Traefik proxy access to Tubearchivist"
027020bd-d25d-4a49-a7fc-0dcdf18af657;1;keep;;4031;pass;1;0;opt6;0;;in;inet;TCP;;;Traefik;0;;Ums;0;Uptime_Kuma;;;;0;0;0;0;0;;;;;;;;;;;;;;;;;;;;;;;0;;;;;;"Allow Traefik proxy access to Uptime Kuma"
847173a4-f4c9-4f18-81a5-b118b2cddc72;1;keep;;4081;pass;1;0;opt6;0;;in;inet;TCP;;;Traefik;0;;Ums;0;Vaultwarden;;;;0;0;0;0;0;;;;;;;;;;;;;;;;;;;;;;;0;;;;;;"Allow Traefik proxy access to Vaultwarden"
03bdf971-2a15-440a-b381-0b0068427d91;1;keep;;1831;pass;1;0;opt2;0;;in;inet;TCP;;;Ums;0;;Truenas;0;microsoft-ds;;;;0;0;0;0;0;;;;;;;;;;;;;;;;;;;;;;;0;;;;;;"Allow access to Truenas Samba shares"
ad3b7e2f-f0c5-4dae-97ab-e952489470ea;1;keep;;1581;pass;1;0;opt2;0;;in;inet;TCP/UDP;;;Ums;0;;Immich;0;;;;;0;0;0;0;0;;;;;;;;;;;;;;;;;;;;;;;0;;;;;;"Allow UMS access to Immich"
c8e0e19c-e789-4fd3-b6fd-6ad194a27b3f;1;keep;;1531;pass;1;0;opt2;0;;in;inet;TCP/UDP;;;Ums;0;;Truenas;0;Plex;;;;0;0;0;0;0;;;;;;;;;;;;;;;;;;;;;;;0;;;;;;"Allow access to Traefik ping port"
f3d296d7-d55c-4885-8db2-933694449e24;1;keep;;1431;pass;1;0;opt2;0;;in;inet;TCP/UDP;;;Ums;0;;Traefik;0;https;;;;0;0;0;0;0;;;;;;;;;;;;;;;;;;;;;;;0;;;;;;"Allow access to Traefik ping port"
03952329-2edc-4f2d-9ccc-e90002e0110e;1;keep;;1481;pass;1;0;opt2;0;;in;inet;TCP/UDP;;;Immich;0;;Traefik;0;https;;;;0;0;0;0;0;;;;;;;;;;;;;;;;;;;;;;;0;;;;;;"Allow access to Traefik ping port"
96c36c15-67c4-4c22-9029-f028782446c6;1;keep;;2881;pass;1;0;opt6;0;;in;inet;TCP;;;Traefik;0;;Homepage;0;3000;;;;0;0;0;0;0;;;;;;;;;;;;;;;;;;;;;;;0;;;;;;"Allow Traefik proxy access to Homepage"
c7e3898d-09bd-4433-a8d3-e51a8ef864aa;1;keep;;1881;pass;1;0;opt2;0;;in;inet;TCP;;;Ums;0;;Truenas;0;2049;;;;0;0;0;0;0;;;;;;;;;;;;;;;;;;;;;;;0;;;;;;"Allow access to Truenas NFS shares"
0ead3eb3-e10b-4b45-b0c7-c73fce4e939a;1;keep;;281;pass;1;0;lan;0;;in;inet;TCP;;;Blowfish;0;;Traefik;0;https;;;;0;0;0;0;0;;;;;;;;;;;;;;;;;;;;;;;0;;;;;;"Allow Blowfish access to Traefik to access Forgejo"
05ec85a4-d31f-476e-a6b3-4ce2f70bff09;1;keep;;3381;pass;1;0;opt6;0;;in;inet;TCP;;;Traefik;0;;Ums;0;Postiz;;;;0;0;0;0;0;;;;;;;;;;;;;;;;;;;;;;;0;;;;;;"Allow Traefik proxy access to Postiz"
4c81ac4e-3e42-435a-bc93-538e62cc87c2;1;keep;;181;pass;1;0;lan;0;;in;inet;TCP;;;Truenas;0;;Traefik;0;https;;;;0;0;0;0;0;;;;;;;;;;;;;;;;;;;;;;;0;;;;;;"Allow Truenas access to Traefik"
a188b29f-0b2b-470d-94b4-58f0abe3ad79;1;keep;;231;pass;1;0;lan;0;;in;inet;TCP;;;Homepage;0;;Traefik;0;https;;;;0;0;0;0;0;;;;;;;;;;;;;;;;;;;;;;;0;;;;;;"Allow Homepage access to Traefik"
5b4602a9-8bc3-4ad2-a5be-ea95560a5fba;1;keep;;331;pass;1;0;lan;0;;in;inet;TCP;;;Homepage;0;;Traefik;0;8080;;;;0;0;0;0;0;;;;;;;;;;;;;;;;;;;;;;;0;;;;;;"Allow Homepage access to Traefik"
e4392c4e-5430-42c7-9e56-4ab22da5db3e;1;keep;;3731;pass;1;0;opt6;0;;in;inet;TCP/UDP;;;Traefik;0;;Jellyfin;0;8096;;;;0;0;0;0;0;;;;;;;;;;;;;;;;;;;;;;;0;;;;;;"Allow Traefik proxy access to Jellyfin"
cdf787b0-ba4b-4767-82a1-8e0e92d78bd6;1;keep;;981;pass;1;0;opt1;0;;in;inet;TCP/UDP;;;Pristavka;0;;Jellyfin;0;;;;;0;0;0;0;0;;;;;;;;;;;;;;;;;;;;;;;0;;;;;;"Allow access to Jellyfin"
3995587b-3f72-4b0b-be09-d37473ca59dd;1;keep;;931;pass;1;0;opt1;0;;in;inet;TCP/UDP;;;Tv;0;;192.168.30.57;0;Plex;;;;0;0;0;0;0;;;;;;;;;;;;;;;;;;;;;;;0;;;;;;"Allow access to Plex"
5ba9a77e-948b-45ac-b7f6-e4770e331e1e;1;keep;;1731;pass;1;0;opt2;0;;in;inet;TCP/UDP;;;Nextcloud;0;;192.168.1.79;0;Postgres;;;;0;0;0;0;0;;;;;;;;;;;;;;;;;;;;;;;0;;;;;;"Allow access to postgres"
e9d0c785-a2d1-4a6b-8bc8-516042bba8f6;1;keep;;1781;pass;1;0;opt2;0;;in;inet;TCP/UDP;;;Nextcloud;0;;Traefik;0;https;;;;0;0;0;0;0;;;;;;;;;;;;;;;;;;;;;;;0;;;;;;"Allow access to Traefik"
cb729d31-6444-4f3f-9215-2bd504945ca0;1;keep;;3931;pass;1;0;opt6;0;;in;inet;TCP;;;Traefik;0;;Truenas;0;;;;;0;0;0;0;0;;;;;;;;;;;;;;;;;;;;;;;0;;;;;;"Allow Traefik proxy access to Truenas"
3352f103-231e-47b6-84cb-13ae74b77943;1;keep;;3231;pass;1;0;opt6;0;;in;inet;TCP;;;Traefik;0;;Ums;0;NextcloudAIO;;;;0;0;0;0;0;;;;;;;;;;;;;;;;;;;;;;;0;;;;;;"Allow Traefik proxy access to Radarr Soviet"
6fae33a7-fe6c-4f14-8127-52d84ccc407f;1;keep;;831;pass;1;0;opt1;0;;in;inet;TCP/UDP;;;Poco;0;;Traefik;0;https;;;;0;0;0;0;0;;;;;;;;;;;;;;;;;;;;;;;0;;;;;;
584a3933-d3c2-4fd4-8b3d-dac3151beb88;1;keep;;131;pass;1;0;lan;0;;in;inet;TCP;;;192.168.1.53;0;;Traefik;0;https;;;;0;0;0;0;0;;;;;;;;;;;;;;;;;;;;;;;0;;;;;;"Allow Proxmox access to Traefik"
9ae61bcc-cde8-4310-a6cb-a6bbd0db455e;1;keep;;3906;pass;1;0;opt6;0;;in;inet;TCP;;;Traefik;0;;umami;0;3000;;;;0;0;0;0;0;;;;;;;;;;;;;;;;;;;;;;;0;;;;;;"Allow Traefik proxy access to Vaultwarden"
